{"last_download_success": 1647816931.4599469, "unseen_downloads": [], "last_download_failure": 1647817379.2853963}