{"last_download_success": 1648925956.0431836, "unseen_downloads": [], "last_download_failure": 1648967500.3534317}