{"last_download_failure": 1649568702.8758874, "last_download_success": 1649535471.5585904, "unseen_downloads": []}