{"last_download_success": 1647817404.6364672, "unseen_downloads": [], "last_download_failure": 1647825471.9317846}