{"last_download_success": 1647825507.873614, "unseen_downloads": [], "last_download_failure": 1647825510.3926206}