{"last_download_success": 1649567994.7914119, "unseen_downloads": [], "last_download_failure": 1649568694.2628303}