{"last_download_success": 1649553169.7938118, "unseen_downloads": [], "last_download_failure": 1649568698.5995152}