{"last_download_failure": 1649568707.2238085, "last_download_success": 1649372444.059066, "unseen_downloads": []}